benchmark_id,split,map_id,difficulty,layout_subtype,planner,repetition,seed,status,feasible,research_claim_eligible,total_cost,path_length,collision_penalty,smoothness_penalty,risk_penalty,waypoint_penalty,minimum_clearance,elapsed_seconds,objective_evaluations,collision_checks,node_expansions,waypoint_count,path_hash
uav2d-v1,test,test-000-sparse-060dd0d630,sparse,,dijkstra,0,3861988314288161342,success,True,True,109.83923127405293,109.83923127405293,0.0,0.0,0.0,0.0,15.083780773178031,8.199999865610152e-05,0,1,0,2,130d7c6e204db9306744540809d1e598177c01f9964788498262522e41e3f5db
uav2d-v1,test,test-000-sparse-060dd0d630,sparse,,astar,0,3861988314288161342,success,True,True,109.83923127405293,109.83923127405293,0.0,0.0,0.0,0.0,15.083780773178031,2.13999992411118e-05,0,1,0,2,130d7c6e204db9306744540809d1e598177c01f9964788498262522e41e3f5db
uav2d-v1,test,test-000-sparse-060dd0d630,sparse,,theta_star,0,3861988314288161342,success,True,True,109.83923127405293,109.83923127405293,0.0,0.0,0.0,0.0,15.083780773178031,1.3299999409355223e-05,0,1,0,2,130d7c6e204db9306744540809d1e598177c01f9964788498262522e41e3f5db
uav2d-v1,test,test-000-sparse-060dd0d630,sparse,,rrt,0,3861988314288161342,success,True,True,109.83923127405293,109.83923127405293,0.0,0.0,0.0,0.0,15.083780773178031,1.170000177808106e-05,0,1,0,2,130d7c6e204db9306744540809d1e598177c01f9964788498262522e41e3f5db
uav2d-v1,test,test-000-sparse-060dd0d630,sparse,,rrt,1,692929791847229072,success,True,True,109.83923127405293,109.83923127405293,0.0,0.0,0.0,0.0,15.083780773178031,0.00011250000170548446,0,1,0,2,130d7c6e204db9306744540809d1e598177c01f9964788498262522e41e3f5db
uav2d-v1,test,test-000-sparse-060dd0d630,sparse,,rrt,2,5414127186528821835,success,True,True,109.83923127405293,109.83923127405293,0.0,0.0,0.0,0.0,15.083780773178031,1.21000011858996e-05,0,1,0,2,130d7c6e204db9306744540809d1e598177c01f9964788498262522e41e3f5db
uav2d-v1,test,test-000-sparse-060dd0d630,sparse,,rrt,3,7992864581484632531,success,True,True,109.83923127405293,109.83923127405293,0.0,0.0,0.0,0.0,15.083780773178031,1.0200001270277426e-05,0,1,0,2,130d7c6e204db9306744540809d1e598177c01f9964788498262522e41e3f5db
uav2d-v1,test,test-000-sparse-060dd0d630,sparse,,rrt,4,688654238913302773,success,True,True,109.83923127405293,109.83923127405293,0.0,0.0,0.0,0.0,15.083780773178031,9.700001101009548e-06,0,1,0,2,130d7c6e204db9306744540809d1e598177c01f9964788498262522e41e3f5db
uav2d-v1,test,test-000-sparse-060dd0d630,sparse,,rrt_star,0,3861988314288161342,success,True,True,109.83923127405293,109.83923127405293,0.0,0.0,0.0,0.0,15.083780773178031,1.0100000508828089e-05,0,1,0,2,130d7c6e204db9306744540809d1e598177c01f9964788498262522e41e3f5db
uav2d-v1,test,test-000-sparse-060dd0d630,sparse,,rrt_star,1,692929791847229072,success,True,True,109.83923127405293,109.83923127405293,0.0,0.0,0.0,0.0,15.083780773178031,9.899998985929415e-06,0,1,0,2,130d7c6e204db9306744540809d1e598177c01f9964788498262522e41e3f5db
uav2d-v1,test,test-000-sparse-060dd0d630,sparse,,rrt_star,2,5414127186528821835,success,True,True,109.83923127405293,109.83923127405293,0.0,0.0,0.0,0.0,15.083780773178031,9.999999747378752e-06,0,1,0,2,130d7c6e204db9306744540809d1e598177c01f9964788498262522e41e3f5db
uav2d-v1,test,test-000-sparse-060dd0d630,sparse,,rrt_star,3,7992864581484632531,success,True,True,109.83923127405293,109.83923127405293,0.0,0.0,0.0,0.0,15.083780773178031,1.1399999493733048e-05,0,1,0,2,130d7c6e204db9306744540809d1e598177c01f9964788498262522e41e3f5db
uav2d-v1,test,test-000-sparse-060dd0d630,sparse,,rrt_star,4,688654238913302773,success,True,True,109.83923127405293,109.83923127405293,0.0,0.0,0.0,0.0,15.083780773178031,1.0600000678095967e-05,0,1,0,2,130d7c6e204db9306744540809d1e598177c01f9964788498262522e41e3f5db
uav2d-v1,test,test-000-sparse-060dd0d630,sparse,,prm,0,3861988314288161342,success,True,True,109.83923127405293,109.83923127405293,0.0,0.0,0.0,0.0,15.083780773178031,1.1399999493733048e-05,0,1,0,2,130d7c6e204db9306744540809d1e598177c01f9964788498262522e41e3f5db
uav2d-v1,test,test-000-sparse-060dd0d630,sparse,,prm,1,692929791847229072,success,True,True,109.83923127405293,109.83923127405293,0.0,0.0,0.0,0.0,15.083780773178031,1.0300002031726763e-05,0,1,0,2,130d7c6e204db9306744540809d1e598177c01f9964788498262522e41e3f5db
uav2d-v1,test,test-000-sparse-060dd0d630,sparse,,prm,2,5414127186528821835,success,True,True,109.83923127405293,109.83923127405293,0.0,0.0,0.0,0.0,15.083780773178031,9.69999746303074e-06,0,1,0,2,130d7c6e204db9306744540809d1e598177c01f9964788498262522e41e3f5db
uav2d-v1,test,test-000-sparse-060dd0d630,sparse,,prm,3,7992864581484632531,success,True,True,109.83923127405293,109.83923127405293,0.0,0.0,0.0,0.0,15.083780773178031,9.60000033956021e-06,0,1,0,2,130d7c6e204db9306744540809d1e598177c01f9964788498262522e41e3f5db
uav2d-v1,test,test-000-sparse-060dd0d630,sparse,,prm,4,688654238913302773,success,True,True,109.83923127405293,109.83923127405293,0.0,0.0,0.0,0.0,15.083780773178031,9.700001101009548e-06,0,1,0,2,130d7c6e204db9306744540809d1e598177c01f9964788498262522e41e3f5db
uav2d-v1,test,test-000-sparse-060dd0d630,sparse,,ga,0,3861988314288161342,success,True,True,109.83923127405293,109.83923127405293,0.0,0.0,0.0,0.0,15.083780773178031,0.06072169999970356,672,2,640,2,130d7c6e204db9306744540809d1e598177c01f9964788498262522e41e3f5db
uav2d-v1,test,test-000-sparse-060dd0d630,sparse,,ga,1,692929791847229072,success,True,True,109.83923127405293,109.83923127405293,0.0,0.0,0.0,0.0,15.083780773178031,0.06011190000208444,672,2,640,2,130d7c6e204db9306744540809d1e598177c01f9964788498262522e41e3f5db
uav2d-v1,test,test-000-sparse-060dd0d630,sparse,,ga,2,5414127186528821835,success,True,True,109.83923127405293,109.83923127405293,0.0,0.0,0.0,0.0,15.083780773178031,0.06158470000082161,672,2,640,2,130d7c6e204db9306744540809d1e598177c01f9964788498262522e41e3f5db
uav2d-v1,test,test-000-sparse-060dd0d630,sparse,,ga,3,7992864581484632531,success,True,True,109.83923127405293,109.83923127405293,0.0,0.0,0.0,0.0,15.083780773178031,0.06186130000060075,672,2,640,2,130d7c6e204db9306744540809d1e598177c01f9964788498262522e41e3f5db
uav2d-v1,test,test-000-sparse-060dd0d630,sparse,,ga,4,688654238913302773,success,True,True,109.83923127405293,109.83923127405293,0.0,0.0,0.0,0.0,15.083780773178031,0.05950280000251951,672,2,640,2,130d7c6e204db9306744540809d1e598177c01f9964788498262522e41e3f5db
uav2d-v1,test,test-000-sparse-060dd0d630,sparse,,pso,0,3861988314288161342,success,True,True,109.83923127405293,109.83923127405293,0.0,0.0,0.0,0.0,15.083780773178031,0.04915160000018659,672,2,640,2,130d7c6e204db9306744540809d1e598177c01f9964788498262522e41e3f5db
uav2d-v1,test,test-000-sparse-060dd0d630,sparse,,pso,1,692929791847229072,success,True,True,109.83923127405293,109.83923127405293,0.0,0.0,0.0,0.0,15.083780773178031,0.04805290000149398,672,2,640,2,130d7c6e204db9306744540809d1e598177c01f9964788498262522e41e3f5db
uav2d-v1,test,test-000-sparse-060dd0d630,sparse,,pso,2,5414127186528821835,success,True,True,109.83923127405293,109.83923127405293,0.0,0.0,0.0,0.0,15.083780773178031,0.049218699998164084,672,2,640,2,130d7c6e204db9306744540809d1e598177c01f9964788498262522e41e3f5db
uav2d-v1,test,test-000-sparse-060dd0d630,sparse,,pso,3,7992864581484632531,success,True,True,109.83923127405293,109.83923127405293,0.0,0.0,0.0,0.0,15.083780773178031,0.04869170000165468,672,2,640,2,130d7c6e204db9306744540809d1e598177c01f9964788498262522e41e3f5db
uav2d-v1,test,test-000-sparse-060dd0d630,sparse,,pso,4,688654238913302773,success,True,True,109.83923127405293,109.83923127405293,0.0,0.0,0.0,0.0,15.083780773178031,0.05643219999910798,672,2,640,2,130d7c6e204db9306744540809d1e598177c01f9964788498262522e41e3f5db
uav2d-v1,test,test-000-sparse-060dd0d630,sparse,,de,0,3861988314288161342,success,True,True,109.83923127405293,109.83923127405293,0.0,0.0,0.0,0.0,15.083780773178031,0.07894469999882858,672,2,640,2,130d7c6e204db9306744540809d1e598177c01f9964788498262522e41e3f5db
uav2d-v1,test,test-000-sparse-060dd0d630,sparse,,de,1,692929791847229072,success,True,True,109.83923127405293,109.83923127405293,0.0,0.0,0.0,0.0,15.083780773178031,0.06744400000025053,672,2,640,2,130d7c6e204db9306744540809d1e598177c01f9964788498262522e41e3f5db
uav2d-v1,test,test-000-sparse-060dd0d630,sparse,,de,2,5414127186528821835,success,True,True,109.83923127405293,109.83923127405293,0.0,0.0,0.0,0.0,15.083780773178031,0.06572199999936856,672,2,640,2,130d7c6e204db9306744540809d1e598177c01f9964788498262522e41e3f5db
uav2d-v1,test,test-000-sparse-060dd0d630,sparse,,de,3,7992864581484632531,success,True,True,109.83923127405293,109.83923127405293,0.0,0.0,0.0,0.0,15.083780773178031,0.06737629999770434,672,2,640,2,130d7c6e204db9306744540809d1e598177c01f9964788498262522e41e3f5db
uav2d-v1,test,test-000-sparse-060dd0d630,sparse,,de,4,688654238913302773,success,True,True,109.83923127405293,109.83923127405293,0.0,0.0,0.0,0.0,15.083780773178031,0.0658837000009953,672,2,640,2,130d7c6e204db9306744540809d1e598177c01f9964788498262522e41e3f5db
uav2d-v1,test,test-000-sparse-060dd0d630,sparse,,aco_acor,0,3861988314288161342,success,True,True,109.83923127405293,109.83923127405293,0.0,0.0,0.0,0.0,15.083780773178031,0.06670339999982389,672,2,640,2,130d7c6e204db9306744540809d1e598177c01f9964788498262522e41e3f5db
uav2d-v1,test,test-000-sparse-060dd0d630,sparse,,aco_acor,1,692929791847229072,success,True,True,109.83923127405293,109.83923127405293,0.0,0.0,0.0,0.0,15.083780773178031,0.06429509999725269,672,2,640,2,130d7c6e204db9306744540809d1e598177c01f9964788498262522e41e3f5db
uav2d-v1,test,test-000-sparse-060dd0d630,sparse,,aco_acor,2,5414127186528821835,success,True,True,109.83923127405293,109.83923127405293,0.0,0.0,0.0,0.0,15.083780773178031,0.06474789999992936,672,2,640,2,130d7c6e204db9306744540809d1e598177c01f9964788498262522e41e3f5db
uav2d-v1,test,test-000-sparse-060dd0d630,sparse,,aco_acor,3,7992864581484632531,success,True,True,109.83923127405293,109.83923127405293,0.0,0.0,0.0,0.0,15.083780773178031,0.06709019999834709,672,2,640,2,130d7c6e204db9306744540809d1e598177c01f9964788498262522e41e3f5db
uav2d-v1,test,test-000-sparse-060dd0d630,sparse,,aco_acor,4,688654238913302773,success,True,True,109.83923127405293,109.83923127405293,0.0,0.0,0.0,0.0,15.083780773178031,0.06594839999888791,672,2,640,2,130d7c6e204db9306744540809d1e598177c01f9964788498262522e41e3f5db
uav2d-v1,test,test-000-sparse-060dd0d630,sparse,,afl_uav_mock,0,3861988314288161342,success,True,False,109.83923127405293,109.83923127405293,0.0,0.0,0.0,0.0,15.083780773178031,0.0203187999977672,257,2,256,2,130d7c6e204db9306744540809d1e598177c01f9964788498262522e41e3f5db
uav2d-v1,test,test-001-dense-c1d3a12122,dense,,dijkstra,0,2036188368873644788,success,True,True,326.1009141230902,107.08488035776338,0.0,0.0,21.90160337653268,0.0,2.8748285878464235,2.30999976338353e-05,0,1,0,2,1f1748436ba3092e703b99f138bd3c20d04ce0042bf1f20a9c773c703d99c24d
uav2d-v1,test,test-001-dense-c1d3a12122,dense,,astar,0,2036188368873644788,success,True,True,326.1009141230902,107.08488035776338,0.0,0.0,21.90160337653268,0.0,2.8748285878464235,1.889999839477241e-05,0,1,0,2,1f1748436ba3092e703b99f138bd3c20d04ce0042bf1f20a9c773c703d99c24d
uav2d-v1,test,test-001-dense-c1d3a12122,dense,,theta_star,0,2036188368873644788,success,True,True,326.1009141230902,107.08488035776338,0.0,0.0,21.90160337653268,0.0,2.8748285878464235,1.8100003217114136e-05,0,1,0,2,1f1748436ba3092e703b99f138bd3c20d04ce0042bf1f20a9c773c703d99c24d
uav2d-v1,test,test-001-dense-c1d3a12122,dense,,rrt,0,2036188368873644788,success,True,True,326.1009141230902,107.08488035776338,0.0,0.0,21.90160337653268,0.0,2.8748285878464235,1.7600003047846258e-05,0,1,0,2,1f1748436ba3092e703b99f138bd3c20d04ce0042bf1f20a9c773c703d99c24d
uav2d-v1,test,test-001-dense-c1d3a12122,dense,,rrt,1,501357019651709214,success,True,True,326.1009141230902,107.08488035776338,0.0,0.0,21.90160337653268,0.0,2.8748285878464235,1.590000101714395e-05,0,1,0,2,1f1748436ba3092e703b99f138bd3c20d04ce0042bf1f20a9c773c703d99c24d
uav2d-v1,test,test-001-dense-c1d3a12122,dense,,rrt,2,3236716834670979336,success,True,True,326.1009141230902,107.08488035776338,0.0,0.0,21.90160337653268,0.0,2.8748285878464235,1.6000001778593287e-05,0,1,0,2,1f1748436ba3092e703b99f138bd3c20d04ce0042bf1f20a9c773c703d99c24d
uav2d-v1,test,test-001-dense-c1d3a12122,dense,,rrt,3,3259762607280399640,success,True,True,326.1009141230902,107.08488035776338,0.0,0.0,21.90160337653268,0.0,2.8748285878464235,1.5699999494245276e-05,0,1,0,2,1f1748436ba3092e703b99f138bd3c20d04ce0042bf1f20a9c773c703d99c24d
uav2d-v1,test,test-001-dense-c1d3a12122,dense,,rrt,4,73593559931686316,success,True,True,326.1009141230902,107.08488035776338,0.0,0.0,21.90160337653268,0.0,2.8748285878464235,1.559999873279594e-05,0,1,0,2,1f1748436ba3092e703b99f138bd3c20d04ce0042bf1f20a9c773c703d99c24d
uav2d-v1,test,test-001-dense-c1d3a12122,dense,,rrt_star,0,2036188368873644788,success,True,True,326.1009141230902,107.08488035776338,0.0,0.0,21.90160337653268,0.0,2.8748285878464235,1.5300000086426735e-05,0,1,0,2,1f1748436ba3092e703b99f138bd3c20d04ce0042bf1f20a9c773c703d99c24d
uav2d-v1,test,test-001-dense-c1d3a12122,dense,,rrt_star,1,501357019651709214,success,True,True,326.1009141230902,107.08488035776338,0.0,0.0,21.90160337653268,0.0,2.8748285878464235,1.5300000086426735e-05,0,1,0,2,1f1748436ba3092e703b99f138bd3c20d04ce0042bf1f20a9c773c703d99c24d
uav2d-v1,test,test-001-dense-c1d3a12122,dense,,rrt_star,2,3236716834670979336,success,True,True,326.1009141230902,107.08488035776338,0.0,0.0,21.90160337653268,0.0,2.8748285878464235,1.590000101714395e-05,0,1,0,2,1f1748436ba3092e703b99f138bd3c20d04ce0042bf1f20a9c773c703d99c24d
uav2d-v1,test,test-001-dense-c1d3a12122,dense,,rrt_star,3,3259762607280399640,success,True,True,326.1009141230902,107.08488035776338,0.0,0.0,21.90160337653268,0.0,2.8748285878464235,1.720000000204891e-05,0,1,0,2,1f1748436ba3092e703b99f138bd3c20d04ce0042bf1f20a9c773c703d99c24d
uav2d-v1,test,test-001-dense-c1d3a12122,dense,,rrt_star,4,73593559931686316,success,True,True,326.1009141230902,107.08488035776338,0.0,0.0,21.90160337653268,0.0,2.8748285878464235,1.590000101714395e-05,0,1,0,2,1f1748436ba3092e703b99f138bd3c20d04ce0042bf1f20a9c773c703d99c24d
uav2d-v1,test,test-001-dense-c1d3a12122,dense,,prm,0,2036188368873644788,success,True,True,326.1009141230902,107.08488035776338,0.0,0.0,21.90160337653268,0.0,2.8748285878464235,1.6900001355679706e-05,0,1,0,2,1f1748436ba3092e703b99f138bd3c20d04ce0042bf1f20a9c773c703d99c24d
uav2d-v1,test,test-001-dense-c1d3a12122,dense,,prm,1,501357019651709214,success,True,True,326.1009141230902,107.08488035776338,0.0,0.0,21.90160337653268,0.0,2.8748285878464235,1.590000101714395e-05,0,1,0,2,1f1748436ba3092e703b99f138bd3c20d04ce0042bf1f20a9c773c703d99c24d
uav2d-v1,test,test-001-dense-c1d3a12122,dense,,prm,2,3236716834670979336,success,True,True,326.1009141230902,107.08488035776338,0.0,0.0,21.90160337653268,0.0,2.8748285878464235,1.6100002540042624e-05,0,1,0,2,1f1748436ba3092e703b99f138bd3c20d04ce0042bf1f20a9c773c703d99c24d
uav2d-v1,test,test-001-dense-c1d3a12122,dense,,prm,3,3259762607280399640,success,True,True,326.1009141230902,107.08488035776338,0.0,0.0,21.90160337653268,0.0,2.8748285878464235,1.590000101714395e-05,0,1,0,2,1f1748436ba3092e703b99f138bd3c20d04ce0042bf1f20a9c773c703d99c24d
uav2d-v1,test,test-001-dense-c1d3a12122,dense,,prm,4,73593559931686316,success,True,True,326.1009141230902,107.08488035776338,0.0,0.0,21.90160337653268,0.0,2.8748285878464235,1.559999873279594e-05,0,1,0,2,1f1748436ba3092e703b99f138bd3c20d04ce0042bf1f20a9c773c703d99c24d
uav2d-v1,test,test-001-dense-c1d3a12122,dense,,ga,0,2036188368873644788,success,True,True,326.1009141230902,107.08488035776338,0.0,0.0,21.90160337653268,0.0,2.8748285878464235,0.11810929999774089,672,2,640,2,1f1748436ba3092e703b99f138bd3c20d04ce0042bf1f20a9c773c703d99c24d
uav2d-v1,test,test-001-dense-c1d3a12122,dense,,ga,1,501357019651709214,success,True,True,326.1009141230902,107.08488035776338,0.0,0.0,21.90160337653268,0.0,2.8748285878464235,0.11935090000042692,672,2,640,2,1f1748436ba3092e703b99f138bd3c20d04ce0042bf1f20a9c773c703d99c24d
uav2d-v1,test,test-001-dense-c1d3a12122,dense,,ga,2,3236716834670979336,success,True,True,326.1009141230902,107.08488035776338,0.0,0.0,21.90160337653268,0.0,2.8748285878464235,0.11728430000221124,672,2,640,2,1f1748436ba3092e703b99f138bd3c20d04ce0042bf1f20a9c773c703d99c24d
uav2d-v1,test,test-001-dense-c1d3a12122,dense,,ga,3,3259762607280399640,success,True,True,326.1009141230902,107.08488035776338,0.0,0.0,21.90160337653268,0.0,2.8748285878464235,0.36939450000136276,672,2,640,2,1f1748436ba3092e703b99f138bd3c20d04ce0042bf1f20a9c773c703d99c24d
uav2d-v1,test,test-001-dense-c1d3a12122,dense,,ga,4,73593559931686316,success,True,True,326.1009141230902,107.08488035776338,0.0,0.0,21.90160337653268,0.0,2.8748285878464235,0.3240336999988358,672,2,640,2,1f1748436ba3092e703b99f138bd3c20d04ce0042bf1f20a9c773c703d99c24d
uav2d-v1,test,test-001-dense-c1d3a12122,dense,,pso,0,2036188368873644788,success,True,True,326.1009141230902,107.08488035776338,0.0,0.0,21.90160337653268,0.0,2.8748285878464235,0.3031217999996443,672,2,640,2,1f1748436ba3092e703b99f138bd3c20d04ce0042bf1f20a9c773c703d99c24d
uav2d-v1,test,test-001-dense-c1d3a12122,dense,,pso,1,501357019651709214,success,True,True,326.1009141230902,107.08488035776338,0.0,0.0,21.90160337653268,0.0,2.8748285878464235,0.2767738000002282,672,2,640,2,1f1748436ba3092e703b99f138bd3c20d04ce0042bf1f20a9c773c703d99c24d
uav2d-v1,test,test-001-dense-c1d3a12122,dense,,pso,2,3236716834670979336,success,True,True,326.1009141230902,107.08488035776338,0.0,0.0,21.90160337653268,0.0,2.8748285878464235,0.3437353000008443,672,2,640,2,1f1748436ba3092e703b99f138bd3c20d04ce0042bf1f20a9c773c703d99c24d
uav2d-v1,test,test-001-dense-c1d3a12122,dense,,pso,3,3259762607280399640,success,True,True,326.1009141230902,107.08488035776338,0.0,0.0,21.90160337653268,0.0,2.8748285878464235,0.30384529999719234,672,2,640,2,1f1748436ba3092e703b99f138bd3c20d04ce0042bf1f20a9c773c703d99c24d
uav2d-v1,test,test-001-dense-c1d3a12122,dense,,pso,4,73593559931686316,success,True,True,326.1009141230902,107.08488035776338,0.0,0.0,21.90160337653268,0.0,2.8748285878464235,0.3302718000013556,672,2,640,2,1f1748436ba3092e703b99f138bd3c20d04ce0042bf1f20a9c773c703d99c24d
uav2d-v1,test,test-001-dense-c1d3a12122,dense,,de,0,2036188368873644788,success,True,True,326.1009141230902,107.08488035776338,0.0,0.0,21.90160337653268,0.0,2.8748285878464235,0.4289156999984698,672,2,640,2,1f1748436ba3092e703b99f138bd3c20d04ce0042bf1f20a9c773c703d99c24d
uav2d-v1,test,test-001-dense-c1d3a12122,dense,,de,1,501357019651709214,success,True,True,326.1009141230902,107.08488035776338,0.0,0.0,21.90160337653268,0.0,2.8748285878464235,0.3885389999995823,672,2,640,2,1f1748436ba3092e703b99f138bd3c20d04ce0042bf1f20a9c773c703d99c24d
uav2d-v1,test,test-001-dense-c1d3a12122,dense,,de,2,3236716834670979336,success,True,True,326.1009141230902,107.08488035776338,0.0,0.0,21.90160337653268,0.0,2.8748285878464235,0.399474800000462,672,2,640,2,1f1748436ba3092e703b99f138bd3c20d04ce0042bf1f20a9c773c703d99c24d
uav2d-v1,test,test-001-dense-c1d3a12122,dense,,de,3,3259762607280399640,success,True,True,326.1009141230902,107.08488035776338,0.0,0.0,21.90160337653268,0.0,2.8748285878464235,0.3832652999990387,672,2,640,2,1f1748436ba3092e703b99f138bd3c20d04ce0042bf1f20a9c773c703d99c24d
uav2d-v1,test,test-001-dense-c1d3a12122,dense,,de,4,73593559931686316,success,True,True,326.1009141230902,107.08488035776338,0.0,0.0,21.90160337653268,0.0,2.8748285878464235,0.4216768999976921,672,2,640,2,1f1748436ba3092e703b99f138bd3c20d04ce0042bf1f20a9c773c703d99c24d
uav2d-v1,test,test-001-dense-c1d3a12122,dense,,aco_acor,0,2036188368873644788,success,True,True,326.1009141230902,107.08488035776338,0.0,0.0,21.90160337653268,0.0,2.8748285878464235,0.4066958000003069,672,2,640,2,1f1748436ba3092e703b99f138bd3c20d04ce0042bf1f20a9c773c703d99c24d
uav2d-v1,test,test-001-dense-c1d3a12122,dense,,aco_acor,1,501357019651709214,success,True,True,326.1009141230902,107.08488035776338,0.0,0.0,21.90160337653268,0.0,2.8748285878464235,0.3893425999995088,672,2,640,2,1f1748436ba3092e703b99f138bd3c20d04ce0042bf1f20a9c773c703d99c24d
uav2d-v1,test,test-001-dense-c1d3a12122,dense,,aco_acor,2,3236716834670979336,success,True,True,326.1009141230902,107.08488035776338,0.0,0.0,21.90160337653268,0.0,2.8748285878464235,0.42605790000015986,672,2,640,2,1f1748436ba3092e703b99f138bd3c20d04ce0042bf1f20a9c773c703d99c24d
uav2d-v1,test,test-001-dense-c1d3a12122,dense,,aco_acor,3,3259762607280399640,success,True,True,326.1009141230902,107.08488035776338,0.0,0.0,21.90160337653268,0.0,2.8748285878464235,0.41593140000259154,672,2,640,2,1f1748436ba3092e703b99f138bd3c20d04ce0042bf1f20a9c773c703d99c24d
uav2d-v1,test,test-001-dense-c1d3a12122,dense,,aco_acor,4,73593559931686316,success,True,True,326.1009141230902,107.08488035776338,0.0,0.0,21.90160337653268,0.0,2.8748285878464235,0.44524620000083814,672,2,640,2,1f1748436ba3092e703b99f138bd3c20d04ce0042bf1f20a9c773c703d99c24d
uav2d-v1,test,test-001-dense-c1d3a12122,dense,,afl_uav_mock,0,2036188368873644788,success,True,False,326.1009141230902,107.08488035776338,0.0,0.0,21.90160337653268,0.0,2.8748285878464235,0.11884849999842118,257,2,256,2,1f1748436ba3092e703b99f138bd3c20d04ce0042bf1f20a9c773c703d99c24d
uav2d-v1,test,test-002-corridor-5e22337797,corridor,,dijkstra,0,6895278120479437910,timeout,False,True,,,,,,,,1.0002816000014718,0,7007,811,0,
uav2d-v1,test,test-002-corridor-5e22337797,corridor,,astar,0,6895278120479437910,success,True,True,335.88487016703044,116.0233512386175,0.0,0.022303785682601572,21.874999999999993,2.0,2.043275466880188,0.5884595000025001,0,4339,473,4,7760c5674436919f1818c6ebcbbfa4596223a5488074752d572c4c32fafd0eb9
uav2d-v1,test,test-002-corridor-5e22337797,corridor,,theta_star,0,6895278120479437910,success,True,True,335.88487016703044,116.0233512386175,0.0,0.022303785682601572,21.874999999999993,2.0,2.043275466880188,0.3040268999975524,0,2128,217,4,7760c5674436919f1818c6ebcbbfa4596223a5488074752d572c4c32fafd0eb9
uav2d-v1,test,test-002-corridor-5e22337797,corridor,,rrt,0,6895278120479437910,success,True,True,334.9071061539779,117.19092030007293,0.0,0.08327487669394673,21.629981147043523,2.0,2.7611538752830636,0.06141060000300058,1,600,168,4,2f92364f21850e6cc6f0e688dba59260ef31a28af6fbe6ad79796b5f30e86d55
uav2d-v1,test,test-002-corridor-5e22337797,corridor,,rrt,1,486134683764370864,success,True,True,354.79962602474086,121.53888840648696,0.0,0.17834296705336894,23.136902278298702,2.0,2.542975050072408,0.02791090000027907,1,321,113,4,722fb24e5770e1cc795e94683ee1e481eb796d20cb7f54b0e0a31bc1bae012ef
uav2d-v1,test,test-002-corridor-5e22337797,corridor,,rrt,2,7495003675724346103,success,True,True,310.59544686147376,120.87865803494432,0.0,0.12842253319447858,18.807467616055703,2.0,3.393292482619985,0.027072299999417737,1,269,86,4,24c60c2f610e2c7cf759eeb183f3972e32a20a1cd1fff7e3a7879d101a2a44a5
uav2d-v1,test,test-002-corridor-5e22337797,corridor,,rrt,3,8622163089077536207,success,True,True,344.6335791647999,118.73667406065505,0.0,0.1304651972053718,22.424457911811807,2.0,2.7440870103836166,0.04708469999968656,1,511,172,4,28696345e57d8f141208f4b7d171f32facf34ee80d4f2a43fa8e94eb73db3245
uav2d-v1,test,test-002-corridor-5e22337797,corridor,,rrt,4,8540000355889946892,success,True,True,364.3644137483635,119.60586063597925,0.0,0.2987683557902193,24.226471133343317,2.0,2.2611434275633857,0.05493170000045211,1,540,172,4,e49ff1b1873bfb2c3bebf89197fcbbbe9730b4c495301ff365cafa7b6444083f
uav2d-v1,test,test-002-corridor-5e22337797,corridor,,rrt_star,0,6895278120479437910,success,True,True,328.7786509931488,115.92384847530674,0.0,0.023478764546590133,21.12374086951091,3.0,2.1599657045164853,0.9712424999997893,73,5393,664,5,f208d5668c08fee94e54452702046e29cef33b82fbca3375d7ce08e30893f537
uav2d-v1,test,test-002-corridor-5e22337797,corridor,,rrt_star,1,486134683764370864,timeout,True,True,309.95121621749786,120.05906447318793,0.0,0.0947140931081479,18.841858127876918,2.0,2.8166535445291356,1.0003053999971598,74,5388,729,4,c3de708be1a238b364bb6aef722851294e1f7197bc0e80409cca5216684f457d
uav2d-v1,test,test-002-corridor-5e22337797,corridor,,rrt_star,2,7495003675724346103,timeout,True,True,305.99200616852215,120.66891026623736,0.0,0.11235115360605179,18.37613401342545,2.0,3.9220209465261995,1.0002819000001182,80,5594,686,4,f3d5f5cc1a59ed6c4cd7e1b018c16072c8ecf892bd72358d13e419b54bfe8e13
uav2d-v1,test,test-002-corridor-5e22337797,corridor,,rrt_star,3,8622163089077536207,timeout,True,True,304.69628973667767,117.71769875012977,0.0,0.08192230133151521,18.556897947989036,2.0,2.0964349619337015,1.000239099997998,78,5627,726,4,ecc3e4bfb83263043ebca2041439c201af52a660f49fdb18fc9fa6eb6187f8a4
uav2d-v1,test,test-002-corridor-5e22337797,corridor,,rrt_star,4,8540000355889946892,timeout,True,True,323.6080284394179,118.83966953865169,0.0,0.1479704863406548,20.302850646906297,2.0,3.3936010296272623,1.0002679000026546,72,5499,725,4,f88f53605e59d013a8a3977a2fce63761bb1618c4283ca619c927eb543790969
uav2d-v1,test,test-002-corridor-5e22337797,corridor,,prm,0,6895278120479437910,success,True,True,339.2171534542467,120.72629591187592,0.0,0.20091999564344537,21.648625756415356,2.0,3.636674082114453,0.2044668000016827,0,1322,140,4,aa576f30f0bc297eba47b83df024932b6180cfa6b8bf6fcf45070aee6cebcb8b
uav2d-v1,test,test-002-corridor-5e22337797,corridor,,prm,1,486134683764370864,success,True,True,338.3389086183406,116.12880784033571,0.0,0.026357144296542595,22.05783150565222,3.0,2.017632209352977,0.23590089999925112,0,1374,146,5,260667f2392c6d2d3ef14f27b0720e3b900aa1fb537392c97673195e90067426
uav2d-v1,test,test-002-corridor-5e22337797,corridor,,prm,2,7495003675724346103,success,True,True,364.42809031110977,137.9276196934039,0.0,0.6256796867870574,22.13720721837706,4.0,3.1964173209032385,0.21384630000102334,0,1346,144,6,f2d8105cf0eb5122efa5609a09533b24e1c8521ca96c595b51e9092d8e29d5e8
uav2d-v1,test,test-002-corridor-5e22337797,corridor,,prm,3,8622163089077536207,success,True,True,315.6781069089266,116.97824100621932,0.0,0.06344289249177681,19.688265144024843,3.0,2.2008119804863506,0.20266930000070715,0,1339,153,5,072007bc13d67d0c7f416c802184b432f008ad26416c3673518772c5f0cb1068
uav2d-v1,test,test-002-corridor-5e22337797,corridor,,prm,4,8540000355889946892,success,True,True,300.34520447817124,120.37524518594925,0.0,0.13772327165637308,17.828134293394008,2.0,2.830302777585073,0.20743380000203615,0,1326,145,4,7d6d66c1af88d211182bc6b49d59be45599efcf3ccca84cbbb31e40b844b2cd4
uav2d-v1,test,test-002-corridor-5e22337797,corridor,,ga,0,6895278120479437910,timeout,True,True,307.2114834842291,121.86068284618865,0.0,0.4516016565257952,17.809279235541148,10.0,4.842822425796235,1.0018276000009791,214,4339,633,12,ff77c3a39325978b4a0886988413c75ad3e073c72b83f96f9de0e187c9140e17
uav2d-v1,test,test-002-corridor-5e22337797,corridor,,ga,1,486134683764370864,timeout,True,True,309.38795753731716,121.15890152822816,0.0,0.18223693850778314,18.231787131655008,10.0,4.856256358467041,1.0011156000000483,209,4339,633,12,94ce06e87a86e41a8ddbac16a762200d11261a2b1030fe7a4d0b9e2829ec6fa6
uav2d-v1,test,test-002-corridor-5e22337797,corridor,,ga,2,7495003675724346103,timeout,True,True,306.2327778937948,122.86963601161564,0.0,0.33219944126392625,17.67021446758595,10.0,2.6289828182620956,1.0003599999981816,211,4339,633,12,4e97b9aaec7487b46aa5b0d36ae26c84bc183f061c1f974c00c01d98eaf29761
uav2d-v1,test,test-002-corridor-5e22337797,corridor,,ga,3,8622163089077536207,timeout,True,True,304.48153249381465,122.06948598924507,0.0,0.35532321121920074,17.563543044847357,10.0,2.695365630781183,1.0004397000011522,213,4339,633,12,8074f7926f39bc272e3574d552c6485022249d27c00c321a6bb1a8e8590e7ebb
uav2d-v1,test,test-002-corridor-5e22337797,corridor,,ga,4,8540000355889946892,timeout,True,True,304.82132792364706,122.36849620236515,0.0,0.2970624563409011,17.59675194395774,10.0,3.630993778867308,1.0014436000019487,247,4339,665,12,3df70c0025d39542a609bbb48732bd75cd675f8e748c3629cbf682e8bd7ea3a8
uav2d-v1,test,test-002-corridor-5e22337797,corridor,,pso,0,6895278120479437910,timeout,True,True,316.6100182569133,126.21164031919375,0.0,0.4992593616847129,18.290208112929598,10.0,3.1118090143382457,1.0019295000020065,204,4339,633,12,8f183ece5de9e772eff60ec04a83a5412287a99a9baa0d5364a55ae8391cadf3
uav2d-v1,test,test-002-corridor-5e22337797,corridor,,pso,1,486134683764370864,timeout,True,True,311.9221874660604,122.81856303828141,0.0,0.20108129098665234,18.30982179728457,10.0,2.963642842909619,1.0002886000002036,239,4339,665,12,067b9277145074d979f3eb7d6a33af028a4aa4f5666bb04cab4ebba1ebe8a36d
uav2d-v1,test,test-002-corridor-5e22337797,corridor,,pso,2,7495003675724346103,timeout,True,True,326.60590177952133,133.45031100762287,0.0,0.6556235879769501,18.48774728320137,10.0,3.9451731074036864,1.0010164999985136,244,4339,665,12,91c50a34f5853ae9d141a71b097e820a88c33ec9ec71b11547abbb1f67841601
uav2d-v1,test,test-002-corridor-5e22337797,corridor,,pso,3,8622163089077536207,timeout,True,True,331.3209270713543,142.59122959654658,0.0,1.3033087770611331,17.721315358950207,10.0,3.803531249094321,1.0003921999996237,222,4339,633,12,0ad516588003404017e3d27b6281522772de0009c57b417b2b014cf34e615b67
uav2d-v1,test,test-002-corridor-5e22337797,corridor,,pso,4,8540000355889946892,timeout,True,True,316.7707456592246,130.7848509339833,0.0,0.6720308875645733,17.76257402874184,10.0,3.0426053215112034,1.0017784999981814,226,4339,665,12,8878f354eeed04cd09c68fda443db6b67803d5d70dc43c05df0872469c8ca056
uav2d-v1,test,test-002-corridor-5e22337797,corridor,,de,0,6895278120479437910,timeout,True,True,333.7402688554482,148.8172446751727,0.0,0.8158508445048165,17.584376995775145,10.0,2.8683389746108463,1.0023302999979933,210,4339,633,12,25020ed9e266a41dd71c836849dd31ab787bb9ade8a43c6a54acfcbcb87147c7
uav2d-v1,test,test-002-corridor-5e22337797,corridor,,de,1,486134683764370864,timeout,True,True,334.4337462736603,134.76533802945264,0.0,0.7861802140747561,19.073750717383387,10.0,2.182799540694251,1.0018706000009843,178,4339,601,12,a2118d2f4ce53fb68cf7d0f6f947e87eed99efbc36b555f2fbc6822e465fd9f9
uav2d-v1,test,test-002-corridor-5e22337797,corridor,,de,2,7495003675724346103,timeout,True,True,344.07440714513575,147.26431284003078,0.0,1.9637926698724606,18.199113095574265,10.0,2.941797317691832,1.0012301999995543,220,4339,633,12,2fa2153515f257a680fc0ae7d6ea4a5168e92e7a2957d9f5144ba89876da2cd6
uav2d-v1,test,test-002-corridor-5e22337797,corridor,,de,3,8622163089077536207,timeout,True,True,334.8897875338955,127.34676010673905,0.0,0.5809615201747631,19.96382198262826,10.0,2.070345985225151,1.001739399998769,197,4339,633,12,7282fb204e725d54c75a3c0e59637f65f01bdd7176c1f48501b33574e05176a2
uav2d-v1,test,test-002-corridor-5e22337797,corridor,,de,4,8540000355889946892,timeout,True,True,335.9611430104259,146.65090547551281,0.0,1.1570543233422168,17.8524965918202,10.0,3.724124659842281,1.0002963000006275,230,4339,665,12,d9b47439e3f569bcd2e95cec6495b2e42551184c8c31cf25d2603f57126e5b12
uav2d-v1,test,test-002-corridor-5e22337797,corridor,,aco_acor,0,6895278120479437910,timeout,True,True,333.8930391830669,145.85729086007314,0.0,1.5454991842878087,17.53082524015547,10.0,3.1981991679241517,1.0013675000009243,196,4339,633,12,34ee0225e0f5fdedc7dd5f0143c92dbf6ac75feb35419e7c4faa476f80058e41
uav2d-v1,test,test-002-corridor-5e22337797,corridor,,aco_acor,1,486134683764370864,timeout,True,True,351.4982536709086,128.44131860128283,0.0,1.1178389394138664,21.24677403725564,10.0,2.4411780847918716,1.0009107000005315,221,4339,633,12,443368a5a4ddb1b0cdc5a1f782ec24964e0819819469108578de5fe22b8eeb5b
uav2d-v1,test,test-002-corridor-5e22337797,corridor,,aco_acor,2,7495003675724346103,timeout,True,True,356.94926050666953,150.88771288953356,0.0,1.6830895943974524,19.264609964514868,10.0,3.6112787325788247,1.0006186999999045,199,4339,633,12,1e3540b7016d69efbdd322938208a276e9984aa274d15eb0e5ee68fcd4f4825e
uav2d-v1,test,test-002-corridor-5e22337797,corridor,,aco_acor,3,8622163089077536207,timeout,True,True,347.75494467038493,159.98152270668706,0.0,1.5238221606685276,17.515431116035522,10.0,2.315407441022515,1.0005109000012453,230,4339,665,12,df54274d66b525c2a0f48d0489e4d1991ac0c36910f81c056370c4f27752f5d7
uav2d-v1,test,test-002-corridor-5e22337797,corridor,,aco_acor,4,8540000355889946892,timeout,True,True,346.4232418187238,154.1933478077141,0.0,2.4446351639985675,17.50067181910169,10.0,3.271126223344692,1.0002926000015577,226,4339,665,12,186d9d6109b12d6992cf8125fe141d105ceeb5f2294370cf23c93a62db41b509
uav2d-v1,test,test-002-corridor-5e22337797,corridor,,afl_uav_mock,0,6895278120479437910,timeout,True,False,313.3667169428629,129.75883048132349,0.0,0.5029404774545927,17.609318407426645,10.0,4.293105419393814,1.0015939000004437,202,4339,673,12,3bedef1195c640fafa4ff1de8b2184b2e99cd4286d8b54806a17626a581e9fbe
uav2d-v1,test,test-003-clustered-42f2c66b12,clustered,,dijkstra,0,5095537988076759498,success,True,True,229.433066188545,110.00661861338222,0.0,0.005002617064744251,11.890143448983908,1.0,3.167912646247382,0.4976511999993818,0,19932,2294,3,38d5ebe5201e903e0a1b9b4f9510e5f7261838bf3d76e8b363570ccd88daf844
uav2d-v1,test,test-003-clustered-42f2c66b12,clustered,,astar,0,5095537988076759498,success,True,True,225.05578097346373,110.83158917573562,0.0,0.014457722028463625,11.365190318758579,1.0,2.0313249833588074,0.09369890000016312,0,3870,410,3,e33fa54232b71dc189ca4a66dca0bc916e6bf5f7d1aa1554b1768f5876835d47
uav2d-v1,test,test-003-clustered-42f2c66b12,clustered,,theta_star,0,5095537988076759498,success,True,True,229.433066188545,110.00661861338222,0.0,0.005002617064744251,11.890143448983908,1.0,3.167912646247382,0.04119619999983115,0,1757,177,3,38d5ebe5201e903e0a1b9b4f9510e5f7261838bf3d76e8b363570ccd88daf844
uav2d-v1,test,test-003-clustered-42f2c66b12,clustered,,rrt,0,5095537988076759498,success,True,True,265.49882053373227,110.72167160965388,0.0,0.010794423868225045,15.422317680473729,1.0,3.478119692124805,0.0070107999999891035,1,193,79,3,fe5f482c7cb7dbb8c7152f3033434a13e6e77cde67376a5a87552679eac0fee4
uav2d-v1,test,test-003-clustered-42f2c66b12,clustered,,rrt,1,162448871201934863,success,True,True,111.37852800425607,110.82374481499235,0.0,0.01095663785274235,0.0,1.0,2.3538654668715937,0.00593010000011418,1,166,69,3,1c798bdde7ae2e68e4bf0a3aa1011878f2d0484118d9f4bdf3a13c1cd995600e
uav2d-v1,test,test-003-clustered-42f2c66b12,clustered,,rrt,2,1893584756258274739,success,True,True,111.31959316725278,110.7667729346777,0.0,0.010564046515014082,0.0,1.0,3.022075307500569,0.0062347000020963605,1,180,73,3,304e97a838355fff2e9b14a8ee2164de06c08592b0f3b25833966a7bd33dd1fa
uav2d-v1,test,test-003-clustered-42f2c66b12,clustered,,rrt,3,6769955417827553192,success,True,True,252.53329725060215,114.76166874443398,0.0,0.08674875589975121,13.683788472666942,1.0,2.8624371809971088,0.012549000002763933,1,315,134,3,2ed702c3e09ec5d45b9811914cc1e2dc2f404fe7420877882c70399a828d54a7
uav2d-v1,test,test-003-clustered-42f2c66b12,clustered,,rrt,4,8731861318334029778,success,True,True,112.54771873464745,111.94339259313534,0.0,0.0208652283024199,0.0,1.0,2.3737211690713957,0.006732099998771446,1,172,78,3,663f12836c2b2289edf3c25afe66730b56fc8d6f5347355ca1001207e9cabfe0
uav2d-v1,test,test-003-clustered-42f2c66b12,clustered,,rrt_star,0,5095537988076759498,success,True,True,236.17637173171678,110.0926660282308,0.0,0.005612057619348011,12.555564541538924,1.0,3.196181139708929,0.4863489999988815,100,5709,905,3,cba2c3e6ad5fad92dd3ca5dd85a10796749581b2a377ad144132f3ebd41a4425
uav2d-v1,test,test-003-clustered-42f2c66b12,clustered,,rrt_star,1,162448871201934863,success,True,True,111.37852800425607,110.82374481499235,0.0,0.01095663785274235,0.0,1.0,2.3538654668715937,0.5154352999998082,100,6628,928,3,1c798bdde7ae2e68e4bf0a3aa1011878f2d0484118d9f4bdf3a13c1cd995600e
uav2d-v1,test,test-003-clustered-42f2c66b12,clustered,,rrt_star,2,1893584756258274739,success,True,True,111.31959316725278,110.7667729346777,0.0,0.010564046515014082,0.0,1.0,3.022075307500569,0.48637310000049183,105,6175,914,3,304e97a838355fff2e9b14a8ee2164de06c08592b0f3b25833966a7bd33dd1fa
uav2d-v1,test,test-003-clustered-42f2c66b12,clustered,,rrt_star,3,6769955417827553192,success,True,True,111.50581484719031,110.94659946463662,0.0,0.01184307651073764,0.0,1.0,2.7154312313100784,0.5341593000011926,92,6722,899,3,10cef6b41beeaf876bd35f6502b8cfb32a570a66fc8f4e5d6e3fb658aeda8f2a
uav2d-v1,test,test-003-clustered-42f2c66b12,clustered,,rrt_star,4,8731861318334029778,success,True,True,111.84469780374737,111.27096760252505,0.0,0.014746040244463625,0.0,1.0,2.098177363985247,0.5555887000009534,100,6635,940,3,9732bc54ecc5d7acc8212c907fb86ba8e45e68e77436397912e17fb13cf3edf8
uav2d-v1,test,test-003-clustered-42f2c66b12,clustered,,prm,0,5095537988076759498,success,True,True,299.13858413612786,111.05921106549508,0.0,0.012832258286444482,18.751521177920058,1.0,5.0607724214681316,0.06370379999862053,0,1292,171,3,5413ca18ba0bcbdaed79b937cbe2a9fd3d342b41a3500f5e53961cb41607ba7c
uav2d-v1,test,test-003-clustered-42f2c66b12,clustered,,prm,1,162448871201934863,success,True,True,130.3435297889354,128.71199737513453,0.0,0.12630648276017656,0.0,2.0,2.532793760452703,0.05777640000087558,0,1285,177,4,b35ee6bf820e016993bb6396369a625f3d3e0d5ff5db15cbd4ec38786ed375e0
uav2d-v1,test,test-003-clustered-42f2c66b12,clustered,,prm,2,1893584756258274739,success,True,True,112.39181914141992,111.79994087160892,0.0,0.01837565396219839,0.0,1.0,2.2047296880417573,0.06083320000107051,0,1318,170,3,9a50a59272206a107800150334d8d7ca9bbb4e324037a24a8d9067c846a71bb9
uav2d-v1,test,test-003-clustered-42f2c66b12,clustered,,prm,3,6769955417827553192,success,True,True,111.78982639207304,111.22058306099265,0.0,0.013848666216076248,0.0,1.0,2.5541492270235278,0.05155939999895054,0,1278,179,3,0cf3ecf00b48b3a7cd5fec4f8316c8d388e0d95fa4751f1ea3bb60fc63221894
uav2d-v1,test,test-003-clustered-42f2c66b12,clustered,,prm,4,8731861318334029778,success,True,True,111.73581426999976,111.16839673451695,0.0,0.01348350709656274,0.0,1.0,2.766684383945549,0.05530390000058105,0,1269,172,3,31529c5812de1220ddc257364453319b1e1bcb2aeb4d470c320e2026ce74b9f9
uav2d-v1,test,test-003-clustered-42f2c66b12,clustered,,ga,0,5095537988076759498,success,True,True,204.88017826413795,109.82970397528264,0.0,0.0021969718762177006,9.403948942947423,2.0,2.0224708581075754,0.4170479999993404,672,3885,1050,4,b6c0eec92af15f3f88ae5103f67e34f2ab01e6c9b0ba6d895125eea9cf830b66
uav2d-v1,test,test-003-clustered-42f2c66b12,clustered,,ga,1,162448871201934863,success,True,True,212.3913499956729,109.87500627117892,0.0,0.0040409417193174035,10.19961390158974,1.0,2.492153099606668,0.41208869999900344,672,3878,1050,3,be59cc40352b68c71161012e80dad65ecdf646cc5ddd20fa06d358122691c2ca
uav2d-v1,test,test-003-clustered-42f2c66b12,clustered,,ga,2,1893584756258274739,success,True,True,245.77221253752367,111.09310030579616,0.0,0.016004237337854766,13.409909104503821,1.0,2.76482398115708,0.44085199999972247,672,3875,1050,3,d455a0b1bd7349fbbd2f4954d62cf5387599b2ffd0fe96add7546463001af6a9
uav2d-v1,test,test-003-clustered-42f2c66b12,clustered,,ga,3,6769955417827553192,success,True,True,219.49722046397045,109.94383947436967,0.0,0.004554966817080971,10.903060615551537,1.0,2.782980539181871,0.4122018999987631,672,3878,1050,3,acda2f5123a54246fabd9f4140f0733dc48866c5515625fd9c2f596e9b82c11c
uav2d-v1,test,test-003-clustered-42f2c66b12,clustered,,ga,4,8731861318334029778,success,True,True,224.029742411958,110.03461464775054,0.0,0.005267501385007619,11.346879025728246,1.0,2.965252822068847,0.41592510000191396,672,3878,1050,3,e48875673c16b1cc151ca91629208e253e42d10f2ab29b40c4de7fa550d58f9a
uav2d-v1,test,test-003-clustered-42f2c66b12,clustered,,pso,0,5095537988076759498,success,True,True,215.95332265762707,109.90702687873384,0.0,0.004278903435901565,10.552490126171373,1.0,2.6383364797335167,0.33668979999856674,672,3878,1050,3,62b42c6aa3d753dba2cd7976a589b248a55f35583d136bb0a2b7747f8c978c3a
uav2d-v1,test,test-003-clustered-42f2c66b12,clustered,,pso,1,162448871201934863,success,True,True,257.3529059849265,110.57903976651619,0.0,0.009664173988780904,14.622554534846639,1.0,3.195766056189127,0.32599610000033863,672,3876,1050,3,857e9c08a078b0550634f322c80e837fcc6ced2dbf1f5e5e1802cc39352a5598
uav2d-v1,test,test-003-clustered-42f2c66b12,clustered,,pso,2,1893584756258274739,success,True,True,209.30039554488962,109.85761861694267,0.0,0.00391770536796586,9.892318840110711,1.0,2.364377219762262,0.33829319999858853,672,3878,1050,3,0a7eb46c6f728716a01fd399d5b972b12a69127ce66d09e4c14e7b54533e03dc
uav2d-v1,test,test-003-clustered-42f2c66b12,clustered,,pso,3,6769955417827553192,success,True,True,208.59315521320707,109.8488264925214,0.0,0.0038506041483747015,9.822507569994379,1.0,2.335287981167151,0.35274000000208616,672,3878,1050,3,f8987342d9f5615e882512ea00df6e2047000345a81460943d6e334435d303ad
uav2d-v1,test,test-003-clustered-42f2c66b12,clustered,,pso,4,8731861318334029778,success,True,True,201.4810936152702,109.93441081841559,0.0,0.004677164553623065,9.10232969740865,1.0,2.033898166499662,0.33773809999911464,672,3878,1050,3,2d6b7384e97edf57774772ec25cd4fa8048c7bfa3399f326269419e8d93e7eb1
uav2d-v1,test,test-003-clustered-42f2c66b12,clustered,,de,0,5095537988076759498,success,True,True,240.62432436971733,113.35951903356677,0.0,0.059651110579255595,12.646654978325426,1.0,2.4919684041169257,0.41402630000084173,672,3874,1050,3,0b60a8a00bee61f3c079092c465842f3640195ae8b4e87a4099b0823ce50bbc8
uav2d-v1,test,test-003-clustered-42f2c66b12,clustered,,de,1,162448871201934863,success,True,True,224.92783510583996,110.71184850740426,0.0,0.012816682169981834,11.365190318758579,1.0,2.031324983358803,0.40153859999918495,672,3875,1050,3,95c682ef0f90f9a18cbec951f7c3c4bd0997962d4bc3e7db358c111b2bcb74a6
uav2d-v1,test,test-003-clustered-42f2c66b12,clustered,,de,2,1893584756258274739,success,True,True,224.92783510583996,110.71184850740426,0.0,0.012816682169981834,11.365190318758579,1.0,2.031324983358803,0.4467817000004288,672,3875,1050,3,95c682ef0f90f9a18cbec951f7c3c4bd0997962d4bc3e7db358c111b2bcb74a6
uav2d-v1,test,test-003-clustered-42f2c66b12,clustered,,de,3,6769955417827553192,success,True,True,224.92783510583996,110.71184850740426,0.0,0.012816682169981834,11.365190318758579,1.0,2.031324983358803,0.4459762000005867,672,3875,1050,3,95c682ef0f90f9a18cbec951f7c3c4bd0997962d4bc3e7db358c111b2bcb74a6
uav2d-v1,test,test-003-clustered-42f2c66b12,clustered,,de,4,8731861318334029778,success,True,True,235.11994351491614,113.53102344220726,0.0,0.06717038166708207,12.075306816437347,1.0,2.2869623719835914,0.42702890000146,672,3874,1050,3,77a030ad2a91ff1780ebf1b9817b0e06778b5f576f7d93c4e7fe00fd03b04bc7
uav2d-v1,test,test-003-clustered-42f2c66b12,clustered,,aco_acor,0,5095537988076759498,success,True,True,224.92783510583996,110.71184850740426,0.0,0.012816682169981834,11.365190318758579,1.0,2.031324983358803,0.41443749999962165,672,3875,1050,3,95c682ef0f90f9a18cbec951f7c3c4bd0997962d4bc3e7db358c111b2bcb74a6
uav2d-v1,test,test-003-clustered-42f2c66b12,clustered,,aco_acor,1,162448871201934863,success,True,True,227.66049435713563,110.23956913421702,0.0,0.007171383740090229,11.688506830421817,1.0,2.1478282625122187,0.4116678000027605,672,3876,1050,3,41416f04cda9d1f5abae04fb872abeaf1e5407080479761992eb61debfe174e7
uav2d-v1,test,test-003-clustered-42f2c66b12,clustered,,aco_acor,2,1893584756258274739,success,True,True,224.92783510583996,110.71184850740426,0.0,0.012816682169981834,11.365190318758579,1.0,2.031324983358803,0.43771729999934905,672,3875,1050,3,95c682ef0f90f9a18cbec951f7c3c4bd0997962d4bc3e7db358c111b2bcb74a6
uav2d-v1,test,test-003-clustered-42f2c66b12,clustered,,aco_acor,3,6769955417827553192,success,True,True,313.64078761902726,111.35367838525343,0.0,0.015229258144147407,20.171096294305308,1.0,5.239879568611734,0.4139147000023513,672,3876,1050,3,fdfa8ca34a4227b157463f5667f2b3a4488f552822d644830ebb1a4336b8a0c6
uav2d-v1,test,test-003-clustered-42f2c66b12,clustered,,aco_acor,4,8731861318334029778,success,True,True,224.92783510583996,110.71184850740426,0.0,0.012816682169981834,11.365190318758579,1.0,2.031324983358803,0.46905490000062855,672,3875,1050,3,95c682ef0f90f9a18cbec951f7c3c4bd0997962d4bc3e7db358c111b2bcb74a6
uav2d-v1,test,test-003-clustered-42f2c66b12,clustered,,afl_uav_mock,0,5095537988076759498,success,True,False,232.50525566795147,111.46875715499132,0.0,0.023328477096356232,12.041985612747835,1.0,2.2749873093832162,0.1933269000001019,257,3874,666,3,a48cbd79045ac832fb3e9af9bfd1bfb1df3713ab7e7de3d0bce931be50d1224f
uav2d-v1,test,test-004-rooms_maze-f2d42da47d,rooms_maze,rooms,dijkstra,0,2251487778591040924,timeout,False,True,,,,,,,,1.0003041999989364,0,3812,444,0,
uav2d-v1,test,test-004-rooms_maze-f2d42da47d,rooms_maze,rooms,astar,0,2251487778591040924,timeout,False,True,,,,,,,,1.000267100000201,0,3885,442,0,
uav2d-v1,test,test-004-rooms_maze-f2d42da47d,rooms_maze,rooms,theta_star,0,2251487778591040924,timeout,False,True,,,,,,,,1.0002265999974043,0,3871,417,0,
uav2d-v1,test,test-004-rooms_maze-f2d42da47d,rooms_maze,rooms,rrt,0,2251487778591040924,no_path,False,True,,,,,,,,0.21590739999737707,0,1372,371,0,
uav2d-v1,test,test-004-rooms_maze-f2d42da47d,rooms_maze,rooms,rrt,1,5555746893726772679,no_path,False,True,,,,,,,,0.2235149999978603,0,1343,341,0,
uav2d-v1,test,test-004-rooms_maze-f2d42da47d,rooms_maze,rooms,rrt,2,5444289160545160567,no_path,False,True,,,,,,,,0.22044299999834038,0,1363,362,0,
uav2d-v1,test,test-004-rooms_maze-f2d42da47d,rooms_maze,rooms,rrt,3,7605392786636131586,no_path,False,True,,,,,,,,0.2811149999979534,0,1423,422,0,
uav2d-v1,test,test-004-rooms_maze-f2d42da47d,rooms_maze,rooms,rrt,4,7291194271686654632,no_path,False,True,,,,,,,,0.23438489999898593,0,1435,433,0,
uav2d-v1,test,test-004-rooms_maze-f2d42da47d,rooms_maze,rooms,rrt_star,0,2251487778591040924,no_path,False,True,,,,,,,,0.536554199999955,0,2432,371,0,
uav2d-v1,test,test-004-rooms_maze-f2d42da47d,rooms_maze,rooms,rrt_star,1,5555746893726772679,no_path,False,True,,,,,,,,0.5389026999982889,0,2327,341,0,
uav2d-v1,test,test-004-rooms_maze-f2d42da47d,rooms_maze,rooms,rrt_star,2,5444289160545160567,no_path,False,True,,,,,,,,0.5894399999997404,0,2350,362,0,
uav2d-v1,test,test-004-rooms_maze-f2d42da47d,rooms_maze,rooms,rrt_star,3,7605392786636131586,no_path,False,True,,,,,,,,0.6774718000015127,0,2749,422,0,
uav2d-v1,test,test-004-rooms_maze-f2d42da47d,rooms_maze,rooms,rrt_star,4,7291194271686654632,no_path,False,True,,,,,,,,0.7353141999992658,0,2840,433,0,
uav2d-v1,test,test-004-rooms_maze-f2d42da47d,rooms_maze,rooms,prm,0,2251487778591040924,success,True,True,479.75228602343736,143.63406777907318,0.0,0.7551157277879675,33.08426396054243,3.0,2.519026567800964,0.392940699999599,0,1392,116,5,9dfb7372c87d1c034f0eeca16baa8e4b9c38c006b63666c0ab3b9b49d2b1ebb7
uav2d-v1,test,test-004-rooms_maze-f2d42da47d,rooms_maze,rooms,prm,1,5555746893726772679,no_path,False,True,,,,,,,,0.3849986999994144,0,1364,25,0,
uav2d-v1,test,test-004-rooms_maze-f2d42da47d,rooms_maze,rooms,prm,2,5444289160545160567,no_path,False,True,,,,,,,,0.3965470999974059,0,1399,76,0,
uav2d-v1,test,test-004-rooms_maze-f2d42da47d,rooms_maze,rooms,prm,3,7605392786636131586,no_path,False,True,,,,,,,,0.38427450000017416,0,1352,87,0,
uav2d-v1,test,test-004-rooms_maze-f2d42da47d,rooms_maze,rooms,prm,4,7291194271686654632,no_path,False,True,,,,,,,,0.40092189999995753,0,1386,46,0,
uav2d-v1,test,test-004-rooms_maze-f2d42da47d,rooms_maze,rooms,ga,0,2251487778591040924,timeout,False,True,,,,,,,,1.000341999999364,0,3744,425,0,
uav2d-v1,test,test-004-rooms_maze-f2d42da47d,rooms_maze,rooms,ga,1,5555746893726772679,timeout,False,True,,,,,,,,1.000266200000624,0,3877,441,0,
uav2d-v1,test,test-004-rooms_maze-f2d42da47d,rooms_maze,rooms,ga,2,5444289160545160567,timeout,False,True,,,,,,,,1.0003962999981013,0,4008,456,0,
uav2d-v1,test,test-004-rooms_maze-f2d42da47d,rooms_maze,rooms,ga,3,7605392786636131586,timeout,False,True,,,,,,,,1.000334100001055,0,3745,425,0,
uav2d-v1,test,test-004-rooms_maze-f2d42da47d,rooms_maze,rooms,ga,4,7291194271686654632,timeout,False,True,,,,,,,,1.000400199998694,0,4028,459,0,
uav2d-v1,test,test-004-rooms_maze-f2d42da47d,rooms_maze,rooms,pso,0,2251487778591040924,timeout,False,True,,,,,,,,1.0004176999973424,0,3913,445,0,
uav2d-v1,test,test-004-rooms_maze-f2d42da47d,rooms_maze,rooms,pso,1,5555746893726772679,timeout,False,True,,,,,,,,1.0003529999994498,0,3645,413,0,
uav2d-v1,test,test-004-rooms_maze-f2d42da47d,rooms_maze,rooms,pso,2,5444289160545160567,timeout,False,True,,,,,,,,1.0002510999984224,0,3735,424,0,
uav2d-v1,test,test-004-rooms_maze-f2d42da47d,rooms_maze,rooms,pso,3,7605392786636131586,timeout,False,True,,,,,,,,1.000429300001997,0,3841,437,0,
uav2d-v1,test,test-004-rooms_maze-f2d42da47d,rooms_maze,rooms,pso,4,7291194271686654632,timeout,False,True,,,,,,,,1.0004481000032683,0,3873,440,0,
uav2d-v1,test,test-004-rooms_maze-f2d42da47d,rooms_maze,rooms,de,0,2251487778591040924,timeout,False,True,,,,,,,,1.000495399999636,0,3782,430,0,
uav2d-v1,test,test-004-rooms_maze-f2d42da47d,rooms_maze,rooms,de,1,5555746893726772679,timeout,False,True,,,,,,,,1.0005119999987073,0,3823,435,0,
uav2d-v1,test,test-004-rooms_maze-f2d42da47d,rooms_maze,rooms,de,2,5444289160545160567,timeout,False,True,,,,,,,,1.0003360000009707,0,4162,475,0,
uav2d-v1,test,test-004-rooms_maze-f2d42da47d,rooms_maze,rooms,de,3,7605392786636131586,timeout,False,True,,,,,,,,1.0003641000002972,0,4190,478,0,
uav2d-v1,test,test-004-rooms_maze-f2d42da47d,rooms_maze,rooms,de,4,7291194271686654632,timeout,False,True,,,,,,,,1.000472499999887,0,3949,449,0,
uav2d-v1,test,test-004-rooms_maze-f2d42da47d,rooms_maze,rooms,aco_acor,0,2251487778591040924,timeout,False,True,,,,,,,,1.0005777999977,0,3943,449,0,
uav2d-v1,test,test-004-rooms_maze-f2d42da47d,rooms_maze,rooms,aco_acor,1,5555746893726772679,timeout,False,True,,,,,,,,1.0004506000004767,0,4069,464,0,
uav2d-v1,test,test-004-rooms_maze-f2d42da47d,rooms_maze,rooms,aco_acor,2,5444289160545160567,timeout,False,True,,,,,,,,1.0003225999971619,0,3919,446,0,
uav2d-v1,test,test-004-rooms_maze-f2d42da47d,rooms_maze,rooms,aco_acor,3,7605392786636131586,timeout,False,True,,,,,,,,1.0003194999990228,0,3911,445,0,
uav2d-v1,test,test-004-rooms_maze-f2d42da47d,rooms_maze,rooms,aco_acor,4,7291194271686654632,timeout,False,True,,,,,,,,1.000214199997572,0,4063,463,0,
uav2d-v1,test,test-004-rooms_maze-f2d42da47d,rooms_maze,rooms,afl_uav_mock,0,2251487778591040924,timeout,False,False,,,,,,,,1.0003899999974237,0,3943,449,0,
uav2d-v1,test,test-005-mixed-b69a15fa3c,mixed,,dijkstra,0,5453572906326613176,timeout,False,True,,,,,,,,1.000332299998263,0,7107,807,0,
uav2d-v1,test,test-005-mixed-b69a15fa3c,mixed,,astar,0,5453572906326613176,success,True,True,630.866436190986,109.52476346416027,0.0,0.1278803121277087,51.9702271166187,2.0,2.1769904181478807,0.5396679000004951,0,3695,392,4,828d28452fe46cfac22c6200795fb1d7153ec686289a72e00f7014d2116b15cc
uav2d-v1,test,test-005-mixed-b69a15fa3c,mixed,,theta_star,0,5453572906326613176,success,True,True,230.26294600163544,107.86113796641119,0.0,0.012122451918404796,12.184119577563221,1.0,2.097014588171659,0.33163520000016433,0,2359,242,3,4e09495831c2406bf465df9c829d1a0301b48ddbdfeb3c86c4e1446cb905d980
uav2d-v1,test,test-005-mixed-b69a15fa3c,mixed,,rrt,0,5453572906326613176,success,True,True,222.95371201543747,109.89591426156153,0.0,0.04927097374858897,11.2311442885133,1.0,2.5151559876343996,0.033540399999765214,1,303,133,3,72a28d3f7114fd10cb0e88ddce938c18e9dda3c9428be10ecfa687565333d04e
uav2d-v1,test,test-005-mixed-b69a15fa3c,mixed,,rrt,1,3628561020989456264,success,True,True,224.03801634040468,108.04242783438502,0.0,0.01413926693346207,11.542489217135236,1.0,2.3788097306278697,0.017586199999641394,1,167,75,3,f1c427aafce78b96011819dbb7088c7a90c46be89e07ba25c3ea53171dd3b24f
uav2d-v1,test,test-005-mixed-b69a15fa3c,mixed,,rrt,2,4414664919391549826,success,True,True,225.55545999669346,108.05403112753255,0.0,0.014439273367624409,11.692923250232276,1.0,2.312837762295184,0.018802800001139985,1,172,79,3,8aa4b824d00956c4e2761ce7ba63647793cbf746bd886853625d0050bc5678a6
uav2d-v1,test,test-005-mixed-b69a15fa3c,mixed,,rrt,3,6907129521766396649,success,True,True,233.07489347151966,109.58660255069147,0.0,0.04617716637280233,12.275740508896419,1.0,2.0566894055897946,0.02164249999987078,1,191,85,3,73569f4031f5b5c4da30f9dd23470205ffe932eb5467acd959473ec9e7f0888f
uav2d-v1,test,test-005-mixed-b69a15fa3c,mixed,,rrt,4,1832879104330631815,success,True,True,610.5682897821875,110.35143130395801,0.0,0.036367678957492405,49.95350200834421,1.0,2.3862808209154083,0.02884279999852879,1,239,109,3,8402f177c2e0e3d302eb442b788e0631b775da310e3f1968e11c09b6b736c471
uav2d-v1,test,test-005-mixed-b69a15fa3c,mixed,,rrt_star,0,5453572906326613176,timeout,True,True,116.76014777836446,115.56378957073076,0.0,0.039271641526738815,0.0,2.0,2.5603226366924816,1.000422900000558,85,4925,749,4,6d110d83c45c38b2f010d7f8cd83348ba9d86bcb4b3d3178a19d88a631bbdb65
uav2d-v1,test,test-005-mixed-b69a15fa3c,mixed,,rrt_star,1,3628561020989456264,timeout,True,True,180.1953397690964,108.26830387896712,0.0,0.014146407941794236,7.135630385042032,1.0,2.921864374454905,1.0003235999975004,91,4790,800,3,e7323df7d6c17e52e990083b2fa955383f4197e0cbff7a8552e8f56702c36851
uav2d-v1,test,test-005-mixed-b69a15fa3c,mixed,,rrt_star,2,4414664919391549826,timeout,True,True,209.63745409466475,107.5706023403461,0.0,0.004760692511737026,10.104304829175996,2.0,2.03873843177115,1.0004762999997183,104,4791,780,4,99e99e3ea5bb2e7c50c9c8fdd4e17c21f4fedc5ae31076261a525539444b43f0
uav2d-v1,test,test-005-mixed-b69a15fa3c,mixed,,rrt_star,3,6907129521766396649,timeout,True,True,184.19207830151487,109.84471263957377,0.0,0.03677003278685241,7.366351549800685,1.0,2.769216897996475,1.0002154000030714,81,5011,768,3,2247e3c78f140a8e2704dbb47b27a2a021f0d5966f2fda5dd5da06ef7e2cb141
uav2d-v1,test,test-005-mixed-b69a15fa3c,mixed,,rrt_star,4,1832879104330631815,timeout,True,True,181.75698574576637,108.06008673622847,0.0,0.011984505286111157,7.313697648310734,1.0,3.762960003461853,1.0001716999977361,84,4791,774,3,17d3b4597c4c18fe7229883b6c4bcfca94917ab32d7f2bfce5fa303c07e388fe
uav2d-v1,test,test-005-mixed-b69a15fa3c,mixed,,prm,0,5453572906326613176,success,True,True,564.5865111088374,114.58936513544921,0.0,0.16332343232380833,44.768052881176914,3.0,2.077435582480092,0.22943920000034268,0,1311,176,5,6a9921083ed678903787636aaa1515a2567852243019e7776ac45f3b17360223
uav2d-v1,test,test-005-mixed-b69a15fa3c,mixed,,prm,1,3628561020989456264,success,True,True,231.3251469443311,107.54747142680577,0.0,0.008223487953084137,12.323655807775989,1.0,2.035591968484463,0.23699309999938123,0,1259,171,3,099893c1ee1eef2a9b4a8fbebe9f25f1c5ca0d0bca60908178555133e9337239
uav2d-v1,test,test-005-mixed-b69a15fa3c,mixed,,prm,2,4414664919391549826,success,True,True,174.61140610675042,108.2795849662578,0.0,0.014025763563757091,6.576169232267383,1.0,3.090439399726525,0.23163879999992787,0,1296,173,3,696c94efd0029d7708a9478f9ef5bb02678b6e9fc5c602931009beb5be8baa35
uav2d-v1,test,test-005-mixed-b69a15fa3c,mixed,,prm,3,6907129521766396649,success,True,True,617.6304965917628,112.57008973874103,0.0,0.0754817476205026,50.418299811491934,1.0,2.4065524857070275,0.20858079999743495,0,1286,175,3,49a33ac8d17b9dc446115ac0596b2ceed031a125aa8ac478c0ffe894dfd7c510
uav2d-v1,test,test-005-mixed-b69a15fa3c,mixed,,prm,4,1832879104330631815,success,True,True,113.6755711224716,111.9955773424211,0.0,0.13599875601009953,0.0,2.0,2.4110581228781047,0.23119670000232873,0,1318,176,4,06671fa2756f65e9424d3e7f9c1bb177b33f698d67ec65e9d6a0c8ac884b238f
uav2d-v1,test,test-005-mixed-b69a15fa3c,mixed,,ga,0,5453572906326613176,timeout,True,True,390.5750637160845,119.37211886568252,0.0,0.29248162143202966,26.474053674324182,10.0,2.6432979921803215,1.002107199998136,223,3695,552,12,b4cf57ce4e61dd1aeada296406f3e65c4bb4528b5012cdb1598bb14264cf997e
uav2d-v1,test,test-005-mixed-b69a15fa3c,mixed,,ga,1,3628561020989456264,timeout,True,True,546.1989039942437,121.62573910979475,0.0,0.7021683378822149,41.60623231950378,10.0,2.4073459062106224,1.000757000001613,192,3695,552,12,3b6166e0e6974517120d73187abe07437aaf3a00d6a844ab8c0a182300dac461
uav2d-v1,test,test-005-mixed-b69a15fa3c,mixed,,ga,2,4414664919391549826,timeout,True,True,526.4638904834753,124.3861631968887,0.0,0.6664054714534953,39.37456999293192,10.0,2.505173039195682,1.0003586999991967,208,3695,552,12,f4beca034106caf6eb20632e00f4d62f1ec78445dca560926ae17b3741cf65ae
uav2d-v1,test,test-005-mixed-b69a15fa3c,mixed,,ga,3,6907129521766396649,timeout,True,True,498.7452409921523,114.22050603453629,0.0,0.31461103427780757,37.79516797862269,10.0,2.3324956282032354,1.0003750999967451,208,3695,552,12,b5ec5ed657258d58c9c416558075ba0ec1c9ee0fc5c53693b8b5e461825de3ee
uav2d-v1,test,test-005-mixed-b69a15fa3c,mixed,,ga,4,1832879104330631815,timeout,True,True,473.2614336738655,129.3712811782462,0.0,1.6691111764130115,33.05445966135542,10.0,2.5522120803862545,1.0005553999981203,220,3695,552,12,e8dd651a5180ad17a4495075dbb238f5bf52238f39e42daf15533e75a6797b23
uav2d-v1,test,test-005-mixed-b69a15fa3c,mixed,,pso,0,5453572906326613176,timeout,True,True,202.80754078855927,142.57828328931336,0.0,0.820577903292677,5.112636798278252,10.0,2.4090987811451385,1.0021312000026228,238,3695,584,12,b3ba2453fcebc89b83375b841ad1349eb9fb87c06952cc5360960e94ab47dfe1
uav2d-v1,test,test-005-mixed-b69a15fa3c,mixed,,pso,1,3628561020989456264,timeout,True,True,467.70415441201857,153.4211402461405,0.0,1.5468397322978704,30.154881550438873,10.0,2.5270264231560207,1.0010053999976662,230,3695,584,12,b24235ec4a7370a3d46ea19be6ef9f3e55d7e0187272c362f4f34a5189c6b077
uav2d-v1,test,test-005-mixed-b69a15fa3c,mixed,,pso,2,4414664919391549826,timeout,True,True,523.1952381495312,129.47786929790524,0.0,1.382859547400891,38.18030711146215,10.0,2.354714160167807,1.0007487000002584,216,3695,552,12,3cdb0cb5b3afa99aa465f309b30feb21305ed861131265e0fe5317c134b15f81
uav2d-v1,test,test-005-mixed-b69a15fa3c,mixed,,pso,3,6907129521766396649,timeout,True,True,570.1988080686043,124.47516415622661,0.0,1.0545505992247353,43.5450890916254,10.0,2.2702279978343634,1.0003918000002159,218,3695,552,12,4cd75b982612df8f4674eb90f9ac4b1fb6777950f2f3a2157673b6515e224c06
uav2d-v1,test,test-005-mixed-b69a15fa3c,mixed,,pso,4,1832879104330631815,timeout,True,True,560.082002342452,152.58153945487868,0.0,2.3495459493678332,39.07527331407342,10.0,2.1288462209307437,1.0015588999995089,225,3695,584,12,6634032181c0e45c10b0716acebe37c52df7738b0552a1eaf112cb89afeb42d2
uav2d-v1,test,test-005-mixed-b69a15fa3c,mixed,,de,0,5453572906326613176,timeout,True,True,553.5578497217953,137.8967210202799,0.0,1.147160225802357,40.49253275725036,10.0,2.6571350669090115,1.0012788999993063,206,3695,552,12,5a7e66f7e1606e3b4cd7836d2d495220b159e51b784c9bf18a8be4b46989ca91
uav2d-v1,test,test-005-mixed-b69a15fa3c,mixed,,de,1,3628561020989456264,timeout,True,True,633.8841822016686,109.47686078524168,0.0,0.12537827406038538,51.87804300461251,10.0,2.186067390242556,1.0011535000012373,219,3695,552,12,08b09c86642d1b1f6c7d968f848f12b917f6162802a2421521d2df11e37738e2
uav2d-v1,test,test-005-mixed-b69a15fa3c,mixed,,de,2,4414664919391549826,timeout,True,True,528.8329268994165,158.74468165675117,0.0,2.6069858599629336,35.20533159428506,10.0,2.841113515051927,1.0018100999986927,207,3695,552,12,da6084f5297a474ad2ba2ef697f87d988b75d226a6718b9de72391589c5a992d
uav2d-v1,test,test-005-mixed-b69a15fa3c,mixed,,de,3,6907129521766396649,timeout,True,True,432.7053895195495,137.93082040390664,0.0,1.162121982092266,28.396395920518152,10.0,2.08274184142761,1.0002784999996948,161,3695,520,12,cb0e41d4ad5a0b22a93cde907e65f48f81e0d275c124e516f784dcd6a4c3e2e8
uav2d-v1,test,test-005-mixed-b69a15fa3c,mixed,,de,4,1832879104330631815,timeout,True,True,501.8817711289905,132.3146167556134,0.0,1.4316800735652897,35.74087540055506,10.0,2.115107013005731,1.001392999998643,184,3695,520,12,112fd458b403dd5bc289d6fbe45b198b65a119bc3cdfdf4935dbc8af36b330d1
uav2d-v1,test,test-005-mixed-b69a15fa3c,mixed,,aco_acor,0,5453572906326613176,timeout,True,True,553.5578497217953,137.8967210202799,0.0,1.147160225802357,40.49253275725036,10.0,2.6571350669090115,1.0002798000023176,162,3695,520,12,5a7e66f7e1606e3b4cd7836d2d495220b159e51b784c9bf18a8be4b46989ca91
uav2d-v1,test,test-005-mixed-b69a15fa3c,mixed,,aco_acor,1,3628561020989456264,timeout,True,True,540.7616691284403,167.20112360819903,0.0,3.046067374570507,35.33302086473887,10.0,2.1321751049104827,1.0011911000001419,164,3695,520,12,14f0129f0b5df28eff112a74803842881f136c4896b3582e45d3cb31ed2300bd
uav2d-v1,test,test-005-mixed-b69a15fa3c,mixed,,aco_acor,2,4414664919391549826,timeout,True,True,633.8841822016686,109.47686078524168,0.0,0.12537827406038538,51.87804300461251,10.0,2.186067390242556,1.000778800000262,170,3695,520,12,08b09c86642d1b1f6c7d968f848f12b917f6162802a2421521d2df11e37738e2
uav2d-v1,test,test-005-mixed-b69a15fa3c,mixed,,aco_acor,3,6907129521766396649,timeout,True,True,554.1237172964991,145.3841614413379,0.0,2.3423664027096924,39.20277238416127,10.0,2.725059887800468,1.0004967999993823,159,3695,488,12,f4ffd1f693c2d59069a9502e956b85d84b276e3aaaed57c3cbee50d6cd7ca7a0
uav2d-v1,test,test-005-mixed-b69a15fa3c,mixed,,aco_acor,4,1832879104330631815,timeout,True,True,538.1164815452869,204.92324670971263,0.0,2.739238999054738,31.449703984030062,10.0,2.9550317312469745,1.001988900003198,186,3695,520,12,8e77669c8ef8874aa78cd1d91f26e261b03d5171e142c38fa321f457e57029ed
uav2d-v1,test,test-005-mixed-b69a15fa3c,mixed,,afl_uav_mock,0,5453572906326613176,timeout,True,False,303.2352292581818,158.97653396116675,0.0,1.6343495489163706,13.10869475524332,10.0,2.5025344196942365,1.0011577000004763,197,3695,587,12,4054b6772fefe6a1c62513b865575dd90784e43b874c1de39bdbe7a261302917
